{
  "name": "ping_python",
  "modules":["sight","navigation"],
  "graph": {
    "nodes": [
      {
        "name": "ping_node",
        "components": [
          {
          "name": "MessageLedger",
          "type": "isaac::alice::MessageLedger"
          }
        ]
      },
      {
        "name": "sendcor_node",
        "components": [
          {
          "name": "MessageLedger",
          "type": "isaac::alice::MessageLedger"
          }
        ]
      },
      {
        "name": "odometry",
        "components": [
          {
            "name": "message_ledger",
            "type": "isaac::alice::MessageLedger"
          },
          {
            "name": "isaac.navigation.DifferentialBaseOdometry",
            "type": "isaac::navigation::DifferentialBaseOdometry"
          }
        ]
      }
    ],
    "edges": [

    ]
  },
  "config": {
    "ping_node": {
      "PyCodelet": {
        "message": "Hello Word!"
      }
    },
    "odometry": {
      "isaac.navigation.DifferentialBaseOdometry": {
        "tick_period": "1Hz"
      }
    },
    "ping_node": {
      "ping": {
        "tick_period": "1Hz"
      }
    },
    "sendcor_node": {
      "sendcor": {
        "tick_period": "1Hz"
      },
      "tick_period": "1Hz"
    }
  }
}
